Instance ID,Vertices,Author,Source Image Filename,Timestamp,Class,Validated,Text,Logo,Defect,Orientation,Notes
0,"[[[822, 460], [822, 517], [975, 517], [975, 460]]]",mert.canatan,61.png,2020-08-10 06:27:42,Board,False,R11?4,,True,180,Text: Unsure R1104
1,"[[[1042, 519], [1042, 543], [1064, 543], [1064, 519]]]",mert.canatan,61.png,2020-08-10 06:28:50,Device,False,R0,,False,0,
2,"[[[820, 749], [820, 808], [976, 808], [976, 749]]]",mert.canatan,61.png,2020-08-10 06:29:36,Board,False,R1103,,False,180,
3,"[[[1041, 732], [1041, 754], [1067, 754], [1067, 732]]]",mert.canatan,61.png,2020-08-10 06:29:55,Device,False,?R?,,False,0,Text: Unsure 1R0
4,"[[[490, 1019], [490, 1079], [650, 1079], [650, 1019]]]",mert.canatan,61.png,2020-08-10 06:30:30,Board,False,R1105,,False,180,
5,"[[[571, 1107], [571, 1127], [584, 1127], [584, 1107]]]",mert.canatan,61.png,2020-08-10 06:30:43,Device,False,0,,False,0,Orientation: Unsure
6,"[[[1427, 784], [1427, 849], [1568, 849], [1568, 784]]]",mert.canatan,61.png,2020-08-10 06:31:08,Board,False,C1101,,False,180,
7,"[[[344, 1214], [344, 1275], [501, 1275], [501, 1214]]]",mert.canatan,61.png,2020-08-10 06:31:49,Board,False,C1105,,False,180,
8,"[[[760, 1305], [760, 1353], [892, 1353], [892, 1305]]]",mert.canatan,61.png,2020-08-10 06:32:15,Board,False,C1???,,True,180,Text: Unsure C1107
9,"[[[579, 1448], [579, 1510], [740, 1510], [740, 1448]]]",mert.canatan,61.png,2020-08-10 06:33:41,Board,False,C1106,,False,180,
10,"[[[731, 1522], [731, 1580], [892, 1580], [892, 1522]]]",mert.canatan,61.png,2020-08-10 06:33:56,Board,False,C1108,,False,180,
11,"[[[1051, 1444], [1051, 1509], [1207, 1509], [1207, 1444]]]",mert.canatan,61.png,2020-08-10 06:34:09,Board,False,R1107,,False,180,
12,"[[[957, 1473], [957, 1496], [985, 1496], [985, 1473]]]",mert.canatan,61.png,2020-08-10 06:34:22,Device,False,102?,,False,0,"Text: Unsure
Orientation: Unsure"
13,"[[[135, 1693], [135, 1749], [288, 1749], [288, 1693]]]",mert.canatan,61.png,2020-08-10 06:35:12,Board,False,R528,,False,180,
14,"[[[368, 1729], [368, 1757], [403, 1757], [403, 1729]]]",mert.canatan,61.png,2020-08-10 06:35:44,Device,False,470,,False,0,
15,"[[[157, 1786], [157, 1855], [301, 1855], [301, 1786]]]",mert.canatan,61.png,2020-08-10 06:35:56,Board,False,C512,,False,180,
16,"[[[496, 2075], [496, 2133], [654, 2133], [654, 2075]]]",mert.canatan,61.png,2020-08-10 06:36:22,Board,False,C705,,False,180,
17,"[[[686, 2072], [686, 2137], [823, 2137], [823, 2072]]]",mert.canatan,61.png,2020-08-10 06:36:39,Board,False,R70?,,True,180,Text: Unsure R701
18,"[[[706, 2030], [706, 2055], [734, 2055], [734, 2030]]]",mert.canatan,61.png,2020-08-10 06:37:03,Device,False,513,,False,180,
19,"[[[753, 2453], [753, 2530], [912, 2530], [912, 2453]]]",mert.canatan,61.png,2020-08-10 06:37:28,Board,False,R65?,,True,180,Text: Unsure R658
20,"[[[754, 2553], [754, 2618], [910, 2618], [910, 2553]]]",mert.canatan,61.png,2020-08-10 06:37:55,Board,False,?6??,,True,180,Text: Unsure C652
21,"[[[780, 2656], [780, 2717], [927, 2717], [927, 2656]]]",mert.canatan,61.png,2020-08-10 06:38:24,Board,False,R656,,False,180,
22,"[[[669, 2689], [669, 2714], [696, 2714], [696, 2689]]]",mert.canatan,61.png,2020-08-10 06:38:52,Device,False,103,,False,0,
23,"[[[863, 2818], [863, 2884], [1017, 2884], [1017, 2818]]]",mert.canatan,61.png,2020-08-10 06:39:06,Board,False,R657,,False,180,
24,"[[[872, 2895], [872, 2958], [1004, 2958], [1004, 2895]]]",mert.canatan,61.png,2020-08-10 06:39:23,Board,False,C651,,False,180,
25,"[[[859, 2985], [859, 3045], [1013, 3045], [1013, 2985]]]",mert.canatan,61.png,2020-08-10 06:39:41,Board,False,R6??,,True,180,Text: Unsure R653
26,"[[[772, 2982], [772, 3007], [800, 3007], [800, 2982]]]",mert.canatan,61.png,2020-08-10 06:40:09,Device,False,103,,False,180,
27,"[[[688, 3195], [688, 3260], [824, 3260], [824, 3195]]]",mert.canatan,61.png,2020-08-10 06:40:26,Board,False,R513,,False,180,
28,"[[[719, 3131], [719, 3164], [755, 3164], [755, 3131]]]",mert.canatan,61.png,2020-08-10 06:40:38,Device,False,101,,False,180,
29,"[[[641, 3403], [641, 3468], [777, 3468], [777, 3403]]]",mert.canatan,61.png,2020-08-10 06:40:53,Board,False,C514,,False,180,
30,"[[[614, 3682], [614, 3742], [769, 3742], [769, 3682]]]",mert.canatan,61.png,2020-08-10 06:41:16,Board,False,C553,,False,180,
31,"[[[664, 3972], [664, 4046], [811, 4046], [811, 3972]]]",mert.canatan,61.png,2020-08-10 06:41:30,Board,False,C552,,False,180,
32,"[[[1406, 3532], [1406, 3600], [1547, 3600], [1547, 3532]]]",mert.canatan,61.png,2020-08-10 06:41:56,Board,False,R51?,,True,180,Text: Unsure R512
33,"[[[1625, 3569], [1625, 3596], [1658, 3596], [1658, 3569]]]",mert.canatan,61.png,2020-08-10 06:42:17,Device,False,101,,False,180,
34,"[[[1754, 3478], [1754, 3541], [1876, 3541], [1876, 3478]]]",mert.canatan,61.png,2020-08-10 06:42:31,Board,False,C511,,False,180,
35,"[[[1415, 3631], [1415, 3693], [1552, 3693], [1552, 3631]]]",mert.canatan,61.png,2020-08-10 06:42:44,Board,False,R401,,False,180,
36,"[[[1629, 3654], [1629, 3678], [1659, 3678], [1659, 3654]]]",mert.canatan,61.png,2020-08-10 06:43:00,Device,False,153,,False,0,
37,"[[[1425, 3713], [1425, 3777], [1548, 3777], [1548, 3713]]]",mert.canatan,61.png,2020-08-10 06:43:10,Board,False,R511,,False,180,
38,"[[[1624, 3734], [1624, 3763], [1660, 3763], [1660, 3734]]]",mert.canatan,61.png,2020-08-10 06:43:23,Device,False,101,,False,180,
39,"[[[2497, 558], [2497, 759], [3402, 759], [3402, 558]]]",mert.canatan,61.png,2020-08-10 06:43:46,Board,False,140E 56251,,False,180,
40,"[[[3193, 873], [3193, 1187], [3537, 1187], [3537, 873]]]",mert.canatan,61.png,2020-08-10 06:44:25,Board,False,e1,,False,180,
41,"[[[2966, 1243], [2966, 1303], [3121, 1303], [3121, 1243]]]",mert.canatan,61.png,2020-08-10 06:44:49,Board,False,R405,,False,180,
42,"[[[3183, 1265], [3183, 1289], [3211, 1289], [3211, 1265]]]",mert.canatan,61.png,2020-08-10 06:45:07,Device,False,103,,False,0,
43,"[[[2969, 1301], [2969, 1364], [3119, 1364], [3119, 1301]]]",mert.canatan,61.png,2020-08-10 06:45:19,Board,False,??04,,True,0,Text: Unsure R404
44,"[[[3178, 1328], [3178, 1351], [3206, 1351], [3206, 1328]]]",mert.canatan,61.png,2020-08-10 06:45:52,Device,False,103,,False,180,
45,"[[[2957, 1371], [2957, 1435], [3107, 1435], [3107, 1371]]]",mert.canatan,61.png,2020-08-10 06:46:10,Board,False,?403,,True,180,Text: Unsure R403
46,"[[[2970, 1437], [2970, 1497], [3107, 1497], [3107, 1437]]]",mert.canatan,61.png,2020-08-10 06:46:35,Board,False,?418,,True,180,Text: Unsure C418
47,"[[[2989, 1502], [2989, 1563], [3107, 1563], [3107, 1502]]]",mert.canatan,61.png,2020-08-10 06:46:58,Board,False,?411,,False,180,Text: Unsure R411
48,"[[[3185, 1524], [3185, 1549], [3202, 1549], [3202, 1524]]]",mert.canatan,61.png,2020-08-10 06:47:33,Device,False,0,,False,0,Orientation: Unsure
49,"[[[3456, 1352], [3456, 1421], [3611, 1421], [3611, 1352]]]",mert.canatan,61.png,2020-08-10 06:48:00,Board,False,R752,,False,180,
50,"[[[3511, 1420], [3511, 1483], [3646, 1483], [3646, 1420]]]",mert.canatan,61.png,2020-08-10 06:48:20,Board,False,R751,,False,180,
51,"[[[3316, 1563], [3316, 1623], [3451, 1623], [3451, 1563]]]",mert.canatan,61.png,2020-08-10 06:48:47,Board,False,?701,,True,180,Text: Unsure C701
52,"[[[3703, 1629], [3703, 1702], [3857, 1702], [3857, 1629]]]",mert.canatan,61.png,2020-08-10 06:49:25,Board,False,C70?,,True,180,Text: Unsure C702
53,"[[[2568, 1649], [2568, 1706], [2720, 1706], [2720, 1649]]]",mert.canatan,61.png,2020-08-10 06:49:51,Board,False,C730,,False,180,
54,"[[[2580, 1711], [2580, 1774], [2721, 1774], [2721, 1711]]]",mert.canatan,61.png,2020-08-10 06:50:09,Board,False,C731,,False,180,
55,"[[[2568, 1776], [2568, 1839], [2719, 1839], [2719, 1776]]]",mert.canatan,61.png,2020-08-10 06:50:23,Board,False,C732,,False,180,
56,"[[[2565, 1841], [2565, 1901], [2719, 1901], [2719, 1841]]]",mert.canatan,61.png,2020-08-10 06:50:39,Board,False,?733,,True,180,Text: Unsure C733
57,"[[[2567, 1906], [2567, 1971], [2718, 1971], [2718, 1906]]]",mert.canatan,61.png,2020-08-10 06:51:00,Board,False,?737,,True,180,Text: Unsure C737
58,"[[[2564, 1970], [2564, 2032], [2717, 2032], [2717, 1970]]]",mert.canatan,61.png,2020-08-10 06:51:40,Board,False,C735,,False,180,
59,"[[[2580, 2033], [2580, 2101], [2720, 2101], [2720, 2033]]]",mert.canatan,61.png,2020-08-10 06:51:56,Board,False,C714,,False,180,
60,"[[[2567, 2116], [2567, 2180], [2720, 2180], [2720, 2116]]]",mert.canatan,61.png,2020-08-10 06:52:15,Board,False,C720,,False,180,
61,"[[[2864, 1836], [2864, 1896], [3015, 1896], [3015, 1836]]]",mert.canatan,61.png,2020-08-10 06:52:44,Board,False,C7??,,True,180,Text: Unsure C736
62,"[[[2883, 2049], [2883, 2110], [3038, 2110], [3038, 2049]]]",mert.canatan,61.png,2020-08-10 06:53:17,Board,False,C7?4,,True,180,Text: Unsure C734
63,"[[[2957, 2144], [2957, 2216], [3116, 2216], [3116, 2144]]]",mert.canatan,61.png,2020-08-10 06:53:44,Board,False,R554,,False,180,
64,"[[[2922, 2229], [2922, 2294], [3076, 2294], [3076, 2229]]]",mert.canatan,61.png,2020-08-10 06:53:58,Board,False,R558,,False,180,
65,"[[[3323, 1835], [3323, 1897], [3461, 1897], [3461, 1835]]]",mert.canatan,61.png,2020-08-10 06:54:15,Board,False,??13,,True,180,Text: Unsure C713
66,"[[[3332, 2045], [3332, 2108], [3481, 2108], [3481, 2045]]]",mert.canatan,61.png,2020-08-10 06:54:36,Board,False,?7?3,,True,180,Text: Unsure C703
67,"[[[3684, 1842], [3684, 1906], [3821, 1906], [3821, 1842]]]",mert.canatan,61.png,2020-08-10 06:55:04,Board,False,R71?,,True,180,Text: Unsure R712
68,"[[[3596, 1870], [3596, 1894], [3625, 1894], [3625, 1870]]]",mert.canatan,61.png,2020-08-10 06:55:26,Device,False,103,,False,180,
69,"[[[3681, 1983], [3681, 2044], [3807, 2044], [3807, 1983]]]",mert.canatan,61.png,2020-08-10 06:55:43,Board,False,??07,,True,180,Text: Unsure R707
70,"[[[3589, 2013], [3589, 2039], [3618, 2039], [3618, 2013]]]",mert.canatan,61.png,2020-08-10 06:56:10,Device,False,153,,False,0,
71,"[[[3672, 2054], [3672, 2113], [3802, 2113], [3802, 2054]]]",mert.canatan,61.png,2020-08-10 06:56:21,Board,False,?706,,True,180,Text: Unsure R706
72,"[[[3587, 2078], [3587, 2104], [3609, 2104], [3609, 2078]]]",mert.canatan,61.png,2020-08-10 06:56:50,Device,False,0,,False,0,Orientation: Unsure
73,"[[[3697, 2116], [3697, 2171], [3826, 2171], [3826, 2116]]]",mert.canatan,61.png,2020-08-10 06:57:29,Board,False,????,,True,180,Text: Unsure R705
74,"[[[3583, 2142], [3583, 2166], [3612, 2166], [3612, 2142]]]",mert.canatan,61.png,2020-08-10 06:57:58,Device,False,103,,False,180,
75,"[[[3531, 2256], [3531, 2318], [3683, 2318], [3683, 2256]]]",mert.canatan,61.png,2020-08-10 06:58:11,Board,False,C708,,False,180,
76,"[[[3260, 2419], [3260, 2482], [3396, 2482], [3396, 2419]]]",mert.canatan,61.png,2020-08-10 06:58:30,Board,False,C185,,False,180,
77,"[[[3406, 2413], [3406, 2477], [3542, 2477], [3542, 2413]]]",mert.canatan,61.png,2020-08-10 06:58:58,Board,False,R182,,False,180,
78,"[[[3553, 2416], [3553, 2479], [3694, 2479], [3694, 2416]]]",mert.canatan,61.png,2020-08-10 06:59:16,Board,False,C18?,,True,180,Text: Unsure C184
79,"[[[3465, 2507], [3465, 2533], [3497, 2533], [3497, 2507]]]",mert.canatan,61.png,2020-08-10 06:59:46,Device,False,105,,False,180,
80,"[[[2419, 3132], [2419, 3200], [2537, 3200], [2537, 3132]]]",mert.canatan,61.png,2020-08-10 07:00:10,Board,False,C611,,False,180,
81,"[[[2723, 3056], [2723, 3121], [2859, 3121], [2859, 3056]]]",mert.canatan,61.png,2020-08-10 07:00:23,Board,False,C610,,False,180,
82,"[[[2330, 3259], [2330, 3324], [2473, 3324], [2473, 3259]]]",mert.canatan,61.png,2020-08-10 07:00:36,Board,False,R610,,False,180,
83,"[[[2531, 3283], [2531, 3310], [2564, 3310], [2564, 3283]]]",mert.canatan,61.png,2020-08-10 07:00:50,Device,False,222,,False,180,
84,"[[[2644, 3333], [2644, 3401], [2772, 3401], [2772, 3333]]]",mert.canatan,61.png,2020-08-10 07:01:01,Board,False,R611,,False,180,
85,"[[[2674, 3284], [2674, 3312], [2703, 3312], [2703, 3284]]]",mert.canatan,61.png,2020-08-10 07:01:19,Device,False,104,,False,0,
86,"[[[2858, 3455], [2858, 3523], [3001, 3523], [3001, 3455]]]",mert.canatan,61.png,2020-08-10 07:01:29,Board,False,R612,,False,180,
87,"[[[2767, 3480], [2767, 3504], [2796, 3504], [2796, 3480]]]",mert.canatan,61.png,2020-08-10 07:01:44,Device,False,101,,False,180,
88,"[[[2579, 3528], [2579, 3588], [2712, 3588], [2712, 3528]]]",mert.canatan,61.png,2020-08-10 07:01:56,Board,False,R613,,False,180,
89,"[[[2625, 3478], [2625, 3504], [2654, 3504], [2654, 3478]]]",mert.canatan,61.png,2020-08-10 07:02:10,Device,False,102,,False,180,
90,"[[[2111, 3731], [2111, 3795], [2246, 3795], [2246, 3731]]]",mert.canatan,61.png,2020-08-10 07:02:28,Board,False,C531,,False,180,
91,"[[[2573, 3741], [2573, 3810], [2726, 3810], [2726, 3741]]]",mert.canatan,61.png,2020-08-10 07:02:42,Board,False,C558,,False,180,
92,"[[[3196, 3681], [3196, 3746], [3355, 3746], [3355, 3681]]]",mert.canatan,61.png,2020-08-10 07:03:09,Board,False,C556,,False,180,
93,"[[[3745, 563], [3745, 628], [3899, 628], [3899, 563]]]",mert.canatan,61.png,2020-08-10 07:03:50,Board,False,R703,,False,180,
94,"[[[3811, 659], [3811, 684], [3841, 684], [3841, 659]]]",mert.canatan,61.png,2020-08-10 07:04:04,Device,False,103,,False,0,
95,"[[[3593, 705], [3593, 769], [3752, 769], [3752, 705]]]",mert.canatan,61.png,2020-08-10 07:04:16,Board,False,C7??,,True,180,Text: Unsure C707
96,"[[[3723, 847], [3723, 913], [3886, 913], [3886, 847]]]",mert.canatan,61.png,2020-08-10 07:04:36,Board,False,R704,,False,180,
97,"[[[3811, 801], [3811, 824], [3839, 824], [3839, 801]]]",mert.canatan,61.png,2020-08-10 07:04:47,Device,False,103,,False,180,
98,"[[[3945, 848], [3945, 911], [4100, 911], [4100, 848]]]",mert.canatan,61.png,2020-08-10 07:05:11,Board,False,R804,,False,180,
99,"[[[4002, 800], [4002, 827], [4034, 827], [4034, 800]]]",mert.canatan,61.png,2020-08-10 07:05:24,Device,False,472,,False,180,
100,"[[[4273, 702], [4273, 764], [4432, 764], [4432, 702]]]",mert.canatan,61.png,2020-08-10 07:05:38,Board,False,R806,,False,180,
101,"[[[4179, 722], [4179, 750], [4208, 750], [4208, 722]]]",mert.canatan,61.png,2020-08-10 07:05:52,Device,False,103,,False,180,
102,"[[[4274, 783], [4274, 847], [4431, 847], [4431, 783]]]",mert.canatan,61.png,2020-08-10 07:06:03,Board,False,R805,,False,180,
103,"[[[4182, 795], [4182, 822], [4212, 822], [4212, 795]]]",mert.canatan,61.png,2020-08-10 07:06:15,Device,False,332,,False,180,
104,"[[[3599, 1065], [3599, 1130], [3737, 1130], [3737, 1065]]]",mert.canatan,61.png,2020-08-10 07:06:31,Board,False,R801,,False,180,
105,"[[[3662, 1162], [3662, 1187], [3693, 1187], [3693, 1162]]]",mert.canatan,61.png,2020-08-10 07:06:47,Device,False,103,,False,0,
106,"[[[3750, 1064], [3750, 1131], [3904, 1131], [3904, 1064]]]",mert.canatan,61.png,2020-08-10 07:06:56,Board,False,R802,,False,180,
107,"[[[3812, 1160], [3812, 1185], [3841, 1185], [3841, 1160]]]",mert.canatan,61.png,2020-08-10 07:07:08,Device,False,153,,False,0,
108,"[[[3598, 1290], [3598, 1354], [3737, 1354], [3737, 1290]]]",mert.canatan,61.png,2020-08-10 07:07:22,Board,False,?8?1,,True,180,Text: Unsure C801
109,"[[[3991, 1163], [3991, 1226], [4147, 1226], [4147, 1163]]]",mert.canatan,61.png,2020-08-10 07:07:54,Board,False,R557,,False,180,
110,"[[[3880, 1242], [3880, 1267], [3918, 1267], [3918, 1242]]]",mert.canatan,61.png,2020-08-10 07:08:19,Device,False,000,,False,0,Orientation: Unsure
111,"[[[3994, 1309], [3994, 1381], [4148, 1381], [4148, 1309]]]",mert.canatan,61.png,2020-08-10 07:08:58,Board,False,R553,,False,180,
112,"[[[3879, 1334], [3879, 1362], [3918, 1362], [3918, 1334]]]",mert.canatan,61.png,2020-08-10 07:09:12,Device,False,000,,False,0,Orientation: Unsure
113,"[[[4301, 1015], [4301, 1076], [4455, 1076], [4455, 1015]]]",mert.canatan,61.png,2020-08-10 07:09:48,Board,False,C1??1,,True,180,Text: Unsure C1001
114,"[[[4136, 1114], [4136, 1177], [4310, 1177], [4310, 1114]]]",mert.canatan,61.png,2020-08-10 07:10:18,Board,False,?1102,,True,180,Text: Unsure C1002
115,"[[[4481, 1240], [4481, 1298], [4657, 1298], [4657, 1240]]]",mert.canatan,61.png,2020-08-10 07:10:45,Board,False,C10??,,True,180,Text: Unsure C1003
116,"[[[4253, 1377], [4253, 1435], [4424, 1435], [4424, 1377]]]",mert.canatan,61.png,2020-08-10 07:11:11,Board,False,C100?,,True,180,Text: Unsure C1004
117,"[[[4675, 1045], [4675, 1108], [4811, 1108], [4811, 1045]]]",mert.canatan,61.png,2020-08-10 07:11:36,Board,False,R105,,False,180,
118,"[[[4582, 1067], [4582, 1095], [4613, 1095], [4613, 1067]]]",mert.canatan,61.png,2020-08-10 07:11:48,Device,False,471,,False,0,
119,"[[[4754, 438], [4754, 503], [4908, 503], [4908, 438]]]",mert.canatan,61.png,2020-08-10 07:12:06,Board,False,R593,,False,180,
120,"[[[4988, 459], [4988, 487], [5027, 487], [5027, 459]]]",mert.canatan,61.png,2020-08-10 07:12:22,Device,False,000,,False,0,Orientation: Unsure
121,"[[[4749, 530], [4749, 600], [4909, 600], [4909, 530]]]",mert.canatan,61.png,2020-08-10 07:12:37,Board,False,R592,,False,180,
122,"[[[4984, 555], [4984, 579], [5021, 579], [5021, 555]]]",mert.canatan,61.png,2020-08-10 07:12:57,Device,False,000,,False,0,Orientation: Unsure
123,"[[[4610, 1299], [4610, 1360], [4727, 1360], [4727, 1299]]]",mert.canatan,61.png,2020-08-10 07:13:17,Board,False,C1??,,True,180,Text: Unsure C110
124,"[[[4762, 1293], [4762, 1353], [4899, 1353], [4899, 1293]]]",mert.canatan,61.png,2020-08-10 07:13:40,Board,False,C?3?,,True,180,Text: Unsure C130
125,"[[[4932, 1294], [4932, 1352], [5058, 1352], [5058, 1294]]]",mert.canatan,61.png,2020-08-10 07:14:02,Board,False,C?19,,True,180,Text: Unsure C119
126,"[[[5071, 1293], [5071, 1356], [5210, 1356], [5210, 1293]]]",mert.canatan,61.png,2020-08-10 07:14:20,Board,False,C129,,False,180,
127,"[[[5227, 1294], [5227, 1353], [5346, 1353], [5346, 1294]]]",mert.canatan,61.png,2020-08-10 07:14:40,Board,False,??1?,,True,180,Text: Unsure C118
128,"[[[5359, 1293], [5359, 1351], [5493, 1351], [5493, 1293]]]",mert.canatan,61.png,2020-08-10 07:15:04,Board,False,C1?8,,True,180,Text: Unsure C128
129,"[[[5505, 1297], [5505, 1354], [5630, 1354], [5630, 1297]]]",mert.canatan,61.png,2020-08-10 07:15:32,Board,False,C11?,,True,180,Text: Unsure C117
130,"[[[4740, 1547], [4740, 1605], [4855, 1605], [4855, 1547]]]",mert.canatan,61.png,2020-08-10 07:16:04,Board,False,C121,,False,180,
131,"[[[4150, 2174], [4150, 2238], [4302, 2238], [4302, 2174]]]",mert.canatan,61.png,2020-08-10 07:21:32,Board,False,R556,,False,180,
132,"[[[4063, 2196], [4063, 2221], [4087, 2221], [4087, 2196]]]",mert.canatan,61.png,2020-08-10 07:21:50,Device,False,0,,False,0,Orientation: Unsure
133,"[[[3863, 2263], [3863, 2320], [4000, 2320], [4000, 2263]]]",mert.canatan,61.png,2020-08-10 07:22:09,Board,False,C182,,False,180,
134,"[[[3881, 2324], [3881, 2379], [4003, 2379], [4003, 2324]]]",mert.canatan,61.png,2020-08-10 07:22:22,Board,False,R?81,,True,0,Text: Unsure R181
135,"[[[4060, 2360], [4060, 2387], [4087, 2387], [4087, 2360]]]",mert.canatan,61.png,2020-08-10 07:22:41,Device,False,105,,False,0,
136,"[[[3861, 2411], [3861, 2468], [4000, 2468], [4000, 2411]]]",mert.canatan,61.png,2020-08-10 07:22:53,Board,False,C183,,False,180,
137,"[[[3830, 2577], [3830, 2642], [3983, 2642], [3983, 2577]]]",mert.canatan,61.png,2020-08-10 07:23:08,Board,False,C633,,False,180,
138,"[[[3578, 2730], [3578, 2786], [3728, 2786], [3728, 2730]]]",mert.canatan,61.png,2020-08-10 07:23:26,Board,False,C???,,True,180,Text: Unsure C632
139,"[[[3597, 2809], [3597, 2872], [3728, 2872], [3728, 2809]]]",mert.canatan,61.png,2020-08-10 07:23:56,Board,False,C6?1,,True,180,Text: Unsure C631
140,"[[[3848, 2948], [3848, 3013], [3999, 3013], [3999, 2948]]]",mert.canatan,61.png,2020-08-10 07:24:18,Board,False,????,,True,180,Text: Unsure C630
141,"[[[3524, 3994], [3524, 4169], [4064, 4169], [4064, 3994]]]",mert.canatan,61.png,2020-08-10 07:24:49,Board,False,Lead-Free,,False,180,
142,"[[[4266, 3964], [4266, 4036], [4406, 4036], [4406, 3964]]]",mert.canatan,61.png,2020-08-10 07:25:04,Board,False,C551,,False,180,
143,"[[[4428, 1636], [4428, 1702], [4572, 1702], [4572, 1636]]]",mert.canatan,61.png,2020-08-10 07:25:27,Board,False,C419,,False,180,
144,"[[[4755, 1765], [4755, 1826], [4856, 1826], [4856, 1765]]]",mert.canatan,61.png,2020-08-10 07:25:45,Board,False,?111,,True,180,Text: Unsure C111
145,"[[[4426, 1842], [4426, 1898], [4565, 1898], [4565, 1842]]]",mert.canatan,61.png,2020-08-10 07:26:11,Board,False,R412,,False,180,
146,"[[[4746, 1896], [4746, 1960], [4881, 1960], [4881, 1896]]]",mert.canatan,61.png,2020-08-10 07:26:24,Board,False,C?22,,True,180,Text: Unsure C122
147,"[[[4456, 2045], [4456, 2108], [4577, 2108], [4577, 2045]]]",mert.canatan,61.png,2020-08-10 07:26:43,Board,False,C112,,False,180,
148,"[[[5389, 1647], [5389, 1712], [5528, 1712], [5528, 1647]]]",mert.canatan,61.png,2020-08-10 07:27:09,Board,False,C??7,,True,180,Text: Unsure C127
149,"[[[5420, 1835], [5420, 1902], [5540, 1902], [5540, 1835]]]",mert.canatan,61.png,2020-08-10 07:27:31,Board,False,?116,,True,180,Text: Unsure C116
150,"[[[5063, 1964], [5063, 2028], [5188, 2028], [5188, 1964]]]",mert.canatan,61.png,2020-08-10 07:27:56,Board,False,C131,,False,180,
151,"[[[4863, 2077], [4863, 2136], [5009, 2136], [5009, 2077]]]",mert.canatan,61.png,2020-08-10 07:28:05,Board,False,?120,,True,180,Text: Unsure C120
152,"[[[4319, 2278], [4319, 2340], [4455, 2340], [4455, 2278]]]",mert.canatan,61.png,2020-08-10 07:28:32,Board,False,C1?2,,True,180,Text: Unsure C162
153,"[[[4557, 2329], [4557, 2389], [4696, 2389], [4696, 2329]]]",mert.canatan,61.png,2020-08-10 07:28:57,Board,False,???3,,True,180,Text: Unsure C123
154,"[[[4712, 2329], [4712, 2389], [4831, 2389], [4831, 2329]]]",mert.canatan,61.png,2020-08-10 07:29:18,Board,False,??13,,True,180,Text: Unsure C113
155,"[[[4874, 2328], [4874, 2388], [5015, 2388], [5015, 2328]]]",mert.canatan,61.png,2020-08-10 07:29:45,Board,False,C???,,True,180,Text: Unsure C124
156,"[[[4859, 2388], [4859, 2449], [5014, 2449], [5014, 2388]]]",mert.canatan,61.png,2020-08-10 07:30:09,Board,False,R640,,False,180,
157,"[[[4912, 2487], [4912, 2521], [4951, 2521], [4951, 2487]]]",mert.canatan,61.png,2020-08-10 07:30:23,Device,False,000,,False,0,Orientation: Unsure
158,"[[[4679, 2452], [4679, 2514], [4812, 2514], [4812, 2452]]]",mert.canatan,61.png,2020-08-10 07:30:42,Board,False,?16?,,True,180,Text: Unsure C160
159,"[[[4346, 2505], [4346, 2566], [4465, 2566], [4465, 2505]]]",mert.canatan,61.png,2020-08-10 07:31:06,Board,False,R1??,,True,180,Text: Unsure R161
160,"[[[4512, 2645], [4512, 2709], [4634, 2709], [4634, 2645]]]",mert.canatan,61.png,2020-08-10 07:31:26,Board,False,C161,,False,180,
161,"[[[4874, 2646], [4874, 2709], [5003, 2709], [5003, 2646]]]",mert.canatan,61.png,2020-08-10 07:31:39,Board,False,C641,,False,180,
162,"[[[5056, 2330], [5056, 2403], [5178, 2403], [5178, 2330]]]",mert.canatan,61.png,2020-08-10 07:32:00,Board,False,?1??,,True,180,Text: Unsure C114
163,"[[[5307, 2079], [5307, 2141], [5446, 2141], [5446, 2079]]]",mert.canatan,61.png,2020-08-10 07:32:28,Board,False,C126,,False,180,
164,"[[[5573, 1921], [5573, 1987], [5710, 1987], [5710, 1921]]]",mert.canatan,61.png,2020-08-10 07:32:40,Board,False,R102,,False,180,
165,"[[[5630, 2017], [5630, 2042], [5651, 2042], [5651, 2017]]]",mert.canatan,61.png,2020-08-10 07:32:52,Board,False,0,,False,0,Orientation: Unsure
166,"[[[5800, 2049], [5800, 2111], [5938, 2111], [5938, 2049]]]",mert.canatan,61.png,2020-08-10 07:33:16,Board,False,C413,,False,180,
167,"[[[5795, 2121], [5795, 2179], [5941, 2179], [5941, 2121]]]",mert.canatan,61.png,2020-08-10 07:33:30,Board,False,C414,,False,180,
168,"[[[5713, 2246], [5713, 2314], [5848, 2314], [5848, 2246]]]",mert.canatan,61.png,2020-08-10 07:33:44,Board,False,R103,,False,180,
169,"[[[5622, 2274], [5622, 2300], [5651, 2300], [5651, 2274]]]",mert.canatan,61.png,2020-08-10 07:34:00,Device,False,471,,False,180,
170,"[[[5251, 2330], [5251, 2404], [5388, 2404], [5388, 2330]]]",mert.canatan,61.png,2020-08-10 07:34:13,Board,False,?1??,,True,180,Text: Unsure C125
171,"[[[5414, 2337], [5414, 2398], [5539, 2398], [5539, 2337]]]",mert.canatan,61.png,2020-08-10 07:34:37,Board,False,C?1?,,True,180,Text: Unsure C115
172,"[[[5089, 2655], [5089, 2713], [5242, 2713], [5242, 2655]]]",mert.canatan,61.png,2020-08-10 07:35:06,Board,False,R555,,False,180,
173,"[[[5141, 2590], [5141, 2618], [5180, 2618], [5180, 2590]]]",mert.canatan,61.png,2020-08-10 07:35:17,Device,False,000,,False,0,Orientation: Unsure
174,"[[[5307, 2654], [5307, 2715], [5458, 2715], [5458, 2654]]]",mert.canatan,61.png,2020-08-10 07:35:31,Board,False,R552,,False,180,
175,"[[[5358, 2589], [5358, 2620], [5397, 2620], [5397, 2589]]]",mert.canatan,61.png,2020-08-10 07:35:45,Device,False,000,,False,0,Orientation: Unsure
176,"[[[5814, 2419], [5814, 2482], [5937, 2482], [5937, 2419]]]",mert.canatan,61.png,2020-08-10 07:36:07,Board,False,R811,,False,180,
177,"[[[5723, 2460], [5723, 2487], [5752, 2487], [5752, 2460]]]",mert.canatan,61.png,2020-08-10 07:36:22,Device,False,332,,False,0,
178,"[[[5818, 2513], [5818, 2573], [5934, 2573], [5934, 2513]]]",mert.canatan,61.png,2020-08-10 07:36:32,Board,False,C811,,False,180,
179,"[[[5815, 2696], [5815, 2765], [5951, 2765], [5951, 2696]]]",mert.canatan,61.png,2020-08-10 07:36:48,Board,False,R812,,False,180,
180,"[[[5723, 2714], [5723, 2739], [5752, 2739], [5752, 2714]]]",mert.canatan,61.png,2020-08-10 07:37:02,Device,False,101,,False,0,
181,"[[[6154, 463], [6154, 530], [6305, 530], [6305, 463]]]",mert.canatan,61.png,2020-08-10 07:38:29,Board,False,C523,,False,180,
182,"[[[6295, 1227], [6295, 1295], [6429, 1295], [6429, 1227]]]",mert.canatan,61.png,2020-08-10 07:38:49,Board,False,C315,,False,180,
183,"[[[6320, 1948], [6320, 2014], [6460, 2014], [6460, 1948]]]",mert.canatan,61.png,2020-08-10 07:39:05,Board,False,R?51,,True,180,Text: Unsure R451
184,"[[[6357, 1888], [6357, 1915], [6391, 1915], [6391, 1888]]]",mert.canatan,61.png,2020-08-10 07:39:24,Device,False,331,,False,180,
185,"[[[6674, 1874], [6674, 1939], [6821, 1939], [6821, 1874]]]",mert.canatan,61.png,2020-08-10 07:39:34,Board,False,?451,,True,180,Text: Unsure C451
186,"[[[6366, 2129], [6366, 2189], [6507, 2189], [6507, 2129]]]",mert.canatan,61.png,2020-08-10 07:39:53,Board,False,??01,,True,180,Text: Unsure C901
187,"[[[6525, 2135], [6525, 2199], [6679, 2199], [6679, 2135]]]",mert.canatan,61.png,2020-08-10 07:40:20,Board,False,C?06,,True,180,Text: Unsure C906
188,"[[[6224, 2319], [6224, 2379], [6377, 2379], [6377, 2319]]]",mert.canatan,61.png,2020-08-10 07:40:52,Board,False,?908,,True,180,Text: Unsure C908
189,"[[[6225, 2382], [6225, 2449], [6376, 2449], [6376, 2382]]]",mert.canatan,61.png,2020-08-10 07:41:52,Board,False,R905,,False,180,
190,"[[[6435, 2408], [6435, 2434], [6466, 2434], [6466, 2408]]]",mert.canatan,61.png,2020-08-10 07:42:05,Device,False,153,,False,180,
191,"[[[6665, 2477], [6665, 2503], [6695, 2503], [6695, 2477]]]",mert.canatan,61.png,2020-08-10 07:42:22,Device,False,153,,False,180,
192,"[[[6623, 2702], [6623, 2763], [6777, 2763], [6777, 2702]]]",mert.canatan,61.png,2020-08-10 07:42:33,Board,False,R906,,False,180,
193,"[[[6615, 2645], [6615, 2700], [6779, 2700], [6779, 2645]]]",mert.canatan,61.png,2020-08-10 07:42:52,Board,False,C??9,,True,180,Text: Unsure C909
194,"[[[6622, 2583], [6622, 2644], [6778, 2644], [6778, 2583]]]",mert.canatan,61.png,2020-08-10 07:43:17,Board,False,C907,,False,180,
195,"[[[6763, 2461], [6763, 2522], [6917, 2522], [6917, 2461]]]",mert.canatan,61.png,2020-08-10 07:43:31,Board,False,?902,,True,0,Text: Unsure C902
196,"[[[6930, 2464], [6930, 2523], [7081, 2523], [7081, 2464]]]",mert.canatan,61.png,2020-08-10 07:43:53,Board,False,C90?,,True,180,Text: Unsure C903
197,"[[[7118, 2517], [7118, 2581], [7271, 2581], [7271, 2517]]]",mert.canatan,61.png,2020-08-10 07:44:21,Board,False,?40?,,True,180,Text: Unsure R402
198,"[[[7197, 2466], [7197, 2494], [7226, 2494], [7226, 2466]]]",mert.canatan,61.png,2020-08-10 07:44:42,Board,False,153,,False,0,
199,"[[[6510, 3220], [6510, 3279], [6672, 3279], [6672, 3220]]]",mert.canatan,61.png,2020-08-10 07:45:11,Board,False,?905,,True,180,Text: Unsure C905
200,"[[[6276, 3281], [6276, 3347], [6429, 3347], [6429, 3281]]]",mert.canatan,61.png,2020-08-10 07:45:32,Board,False,R95?,,True,180,Text: Unsure R958
201,"[[[6352, 3404], [6352, 3430], [6382, 3430], [6382, 3404]]]",mert.canatan,61.png,2020-08-10 07:46:02,Device,False,364,,False,0,
202,"[[[6138, 3445], [6138, 3508], [6289, 3508], [6289, 3445]]]",mert.canatan,61.png,2020-08-10 07:46:18,Board,False,?95?,,True,180,Text: Unsure R957
203,"[[[6348, 3465], [6348, 3489], [6377, 3489], [6377, 3465]]]",mert.canatan,61.png,2020-08-10 07:46:43,Device,False,273,,False,180,
204,"[[[6087, 3508], [6087, 3564], [6235, 3564], [6235, 3508]]]",mert.canatan,61.png,2020-08-10 07:46:57,Board,False,C5?5,,True,180,Text: Unsure C555
205,"[[[6157, 3664], [6157, 3732], [6309, 3732], [6309, 3664]]]",mert.canatan,61.png,2020-08-10 07:47:20,Board,False,?9?6,,True,180,Text: Unsure R956
206,"[[[6380, 3641], [6380, 3665], [6411, 3665], [6411, 3641]]]",mert.canatan,61.png,2020-08-10 07:47:46,Device,False,273,,False,0,
207,"[[[6319, 3759], [6319, 3817], [6471, 3817], [6471, 3759]]]",mert.canatan,61.png,2020-08-10 07:47:58,Board,False,R955,,False,180,
208,"[[[6381, 3710], [6381, 3734], [6411, 3734], [6411, 3710]]]",mert.canatan,61.png,2020-08-10 07:48:14,Device,False,3??,,True,180,"Text: Unsure 354
Orientatioin: Unsure"
209,"[[[6476, 3417], [6476, 3478], [6623, 3478], [6623, 3417]]]",mert.canatan,61.png,2020-08-10 07:49:21,Board,False,?9??,,True,180,Text: Unsure R953
210,"[[[6575, 3519], [6575, 3544], [6598, 3544], [6598, 3519]]]",mert.canatan,61.png,2020-08-10 07:49:56,Device,False,0,,False,0,Orientation: Unsure
211,"[[[6578, 3590], [6578, 3616], [6596, 3616], [6596, 3590]]]",mert.canatan,61.png,2020-08-10 07:50:10,Device,False,0,,False,0,Orientation: Unsure
212,"[[[6544, 3641], [6544, 3702], [6700, 3702], [6700, 3641]]]",mert.canatan,61.png,2020-08-10 07:50:26,Board,False,?95?,,True,180,Text: Unsure R954
213,"[[[6383, 439], [6383, 501], [6536, 501], [6536, 439]]]",mert.canatan,61.png,2020-08-10 07:51:06,Board,False,R560,,False,180,
214,"[[[6383, 520], [6383, 583], [6535, 583], [6535, 520]]]",mert.canatan,61.png,2020-08-10 07:51:20,Board,False,R559,,False,180,
215,"[[[6501, 678], [6501, 738], [6634, 738], [6634, 678]]]",mert.canatan,61.png,2020-08-10 07:51:33,Board,False,R561,,False,180,
216,"[[[6556, 765], [6556, 832], [6691, 832], [6691, 765]]]",mert.canatan,61.png,2020-08-10 07:51:51,Board,False,C???,,True,180,Text: Unsure C310
217,"[[[6564, 998], [6564, 1056], [6706, 1056], [6706, 998]]]",mert.canatan,61.png,2020-08-10 07:52:13,Board,False,R310,,False,180,
218,"[[[6692, 947], [6692, 973], [6713, 973], [6713, 947]]]",mert.canatan,61.png,2020-08-10 07:52:26,Device,False,0,,False,0,Orientation: Unsure
219,"[[[6823, 590], [6823, 652], [6959, 652], [6959, 590]]]",mert.canatan,61.png,2020-08-10 07:52:56,Board,False,R301,,False,180,
220,"[[[7031, 612], [7031, 641], [7072, 641], [7072, 612]]]",mert.canatan,61.png,2020-08-10 07:53:11,Device,False,470,,False,0,
221,"[[[6835, 675], [6835, 733], [6970, 733], [6970, 675]]]",mert.canatan,61.png,2020-08-10 07:53:29,Board,False,C??1,,True,180,Text: Unsure C301
222,"[[[7331, 559], [7331, 629], [7483, 629], [7483, 559]]]",mert.canatan,61.png,2020-08-10 07:53:55,Board,False,R302,,False,180,
223,"[[[7219, 613], [7219, 638], [7255, 638], [7255, 613]]]",mert.canatan,61.png,2020-08-10 07:54:10,Device,False,470,,False,180,
224,"[[[7205, 733], [7205, 796], [7355, 796], [7355, 733]]]",mert.canatan,61.png,2020-08-10 07:54:24,Board,False,C30?,,True,180,Text: Unsure C302
225,"[[[7210, 803], [7210, 858], [7360, 858], [7360, 803]]]",mert.canatan,61.png,2020-08-10 07:54:44,Board,False,C303,,False,180,
226,"[[[6956, 778], [6956, 843], [7112, 843], [7112, 778]]]",mert.canatan,61.png,2020-08-10 07:54:55,Board,False,C??4,,True,180,Text: Unsure C304
227,"[[[6863, 930], [6863, 995], [7013, 995], [7013, 930]]]",mert.canatan,61.png,2020-08-10 07:55:17,Board,False,R???,,True,180,Text: Unsure R304
228,"[[[7087, 961], [7087, 986], [7124, 986], [7124, 961]]]",mert.canatan,61.png,2020-08-10 07:55:37,Device,False,470,,False,0,
229,"[[[7244, 1053], [7244, 1113], [7398, 1113], [7398, 1053]]]",mert.canatan,61.png,2020-08-10 07:55:49,Board,False,?303,,True,180,Text: Unsure R303
230,"[[[7268, 959], [7268, 987], [7305, 987], [7305, 959]]]",mert.canatan,61.png,2020-08-10 07:56:17,Device,False,470,,False,180,
231,"[[[7237, 1227], [7237, 1291], [7377, 1291], [7377, 1227]]]",mert.canatan,61.png,2020-08-10 07:56:39,Board,False,?221,,True,180,Text: Unsure R221
232,"[[[7292, 1314], [7292, 1336], [7321, 1336], [7321, 1314]]]",mert.canatan,61.png,2020-08-10 07:57:08,Device,False,103,,False,180,
233,"[[[7507, 1184], [7507, 1244], [7655, 1244], [7655, 1184]]]",mert.canatan,61.png,2020-08-10 07:57:21,Board,False,R550,,False,180,
234,"[[[7560, 1283], [7560, 1308], [7595, 1308], [7595, 1283]]]",mert.canatan,61.png,2020-08-10 07:57:36,Device,False,000,,False,0,Orientation: Unsure
235,"[[[7348, 1379], [7348, 1445], [7501, 1445], [7501, 1379]]]",mert.canatan,61.png,2020-08-10 07:58:00,Board,False,??52,,True,180,Text: Unsure C452
236,"[[[7343, 1487], [7343, 1550], [7496, 1550], [7496, 1487]]]",mert.canatan,61.png,2020-08-10 07:58:24,Board,False,??59,,True,180,Text: Unsure C559
237,"[[[7509, 1676], [7509, 1739], [7668, 1739], [7668, 1676]]]",mert.canatan,61.png,2020-08-10 07:58:45,Board,False,C?60,,True,180,Text: Unsure C560
238,"[[[7565, 1824], [7565, 1888], [7698, 1888], [7698, 1824]]]",mert.canatan,61.png,2020-08-10 07:59:08,Board,False,C?10,,True,180,Text: Unsure C710
239,"[[[7548, 1893], [7548, 1957], [7698, 1957], [7698, 1893]]]",mert.canatan,61.png,2020-08-10 07:59:28,Board,False,C?04,,True,180,Text: Unsure C604
240,"[[[7543, 1962], [7543, 2022], [7699, 2022], [7699, 1962]]]",mert.canatan,61.png,2020-08-10 07:59:46,Board,False,?603,,True,180,Text: Unsure C603
241,"[[[7522, 2353], [7522, 2414], [7660, 2414], [7660, 2353]]]",mert.canatan,61.png,2020-08-10 08:00:09,Board,False,C519,,False,180,
242,"[[[7513, 2490], [7513, 2549], [7666, 2549], [7666, 2490]]]",mert.canatan,61.png,2020-08-10 08:00:27,Board,False,C53?,,True,180,Text: Unsure C532
243,"[[[7566, 2641], [7566, 2704], [7717, 2704], [7717, 2641]]]",mert.canatan,61.png,2020-08-10 08:00:49,Board,False,C557,,False,180,
244,"[[[7040, 3127], [7040, 3188], [7186, 3188], [7186, 3127]]]",mert.canatan,61.png,2020-08-10 08:01:15,Board,False,C517,,False,180,
245,"[[[7032, 3189], [7032, 3254], [7187, 3254], [7187, 3189]]]",mert.canatan,61.png,2020-08-10 08:01:29,Board,False,R?22,,True,180,Text: Unsure R522
246,"[[[7053, 3265], [7053, 3331], [7184, 3331], [7184, 3265]]]",mert.canatan,61.png,2020-08-10 08:01:53,Board,False,R?21,,True,0,Text: Unsure R521
247,"[[[7032, 3336], [7032, 3402], [7187, 3402], [7187, 3336]]]",mert.canatan,61.png,2020-08-10 08:02:16,Board,False,R?20,,True,180,Text: Unsure R520
248,"[[[7048, 3409], [7048, 3470], [7182, 3470], [7182, 3409]]]",mert.canatan,61.png,2020-08-10 08:02:38,Board,False,C51?,,True,180,Text: Unsure C515
249,"[[[7045, 3486], [7045, 3544], [7183, 3544], [7183, 3486]]]",mert.canatan,61.png,2020-08-10 08:03:00,Board,False,R?19,,True,180,Text: Unsure R519
250,"[[[7047, 3549], [7047, 3611], [7183, 3611], [7183, 3549]]]",mert.canatan,61.png,2020-08-10 08:03:25,Board,False,R?18,,True,180,Text: Unsure R518
251,"[[[7564, 3152], [7564, 3182], [7598, 3182], [7598, 3152]]]",mert.canatan,61.png,2020-08-10 08:03:48,Device,False,101,,False,0,
252,"[[[7567, 3240], [7567, 3270], [7598, 3270], [7598, 3240]]]",mert.canatan,61.png,2020-08-10 08:03:56,Device,False,101,,False,0,
253,"[[[7559, 3368], [7559, 3395], [7593, 3395], [7593, 3368]]]",mert.canatan,61.png,2020-08-10 08:04:09,Device,False,101,,False,180,
254,"[[[7558, 3523], [7558, 3548], [7594, 3548], [7594, 3523]]]",mert.canatan,61.png,2020-08-10 08:04:24,Device,False,101,,False,0,
255,"[[[7543, 3639], [7543, 3669], [7574, 3669], [7574, 3639]]]",mert.canatan,61.png,2020-08-10 08:04:34,Device,False,101,,False,180,
